<?xml version="1.0" encoding="utf-8" ?>
<manifest xmlns="http://www.imsglobal.org/xsd/imscp_v1p1"
          xmlns:xsi="http://www.w3.org/2001/XMLSchema-instance"
          xmlns:adlcp="http://www.adlnet.org/xsd/adlcp_rootv1p2"
          xmlns:cwsp="http://www.dspace.org/xmlns/cwspace_imscp"
          xmlns:ocw="https://ocw.mit.edu/xmlns/ocw_imscp"
          xmlns:lom="https://ocw.mit.edu/xmlns/LOM"
          identifier="urn_edu.mit.ocw_18-650-statistics-for-applications-fall-2016"
          version="2019-8-11T3:25:35"
          cwsp:packageType="Course"
          xml:base="18-650-fall-2016/"
          xsi:schemaLocation="http://www.imsglobal.org/xsd/imscp_v1p1 http://www.imsglobal.org/xsd/imscp_v1p1.xsd  http://www.adlnet.org/xsd/adlcp_rootv1p2 http://www.adlnet.org/xsd/adlcp_rootv1p2.xsd http://www.dspace.org/xmlns/cwspace_imscp http://www.dspace.org/xsd/cwspace_imscp/version10/cwspace_imscpv10.xsd https://ocw.mit.edu/xmlns/ocw_imscp https://ocw.mit.edu/xsd/ocw_imscp/version10/ocw_imscpv10.xsd https://ocw.mit.edu/xmlns/LOM https://ocw.mit.edu/xsd/LOM/lomv1.0/lomv1.0.xsd">
   	<metadata>
   		<schema>IMS Content</schema>
        <schemaversion>1.1</schemaversion>
        <cwsp:packageMetadata>
            <cwsp:sourceSystem>OCW</cwsp:sourceSystem>
            <cwsp:profile>CWSpace</cwsp:profile>
            <cwsp:profileVersion>0.1</cwsp:profileVersion>
        </cwsp:packageMetadata>
        <lom:general uniqueElementName="general">
            <lom:title uniqueElementName="title">
				<lom:string language="en">Statistics for Applications </lom:string>
			</lom:title>
			<lom:identifier>
				<lom:catalog uniqueElementName="catalog">OCW Master Course Number</lom:catalog>
		      	<lom:entry uniqueElementName="entry">18.650</lom:entry>
			</lom:identifier>
			<lom:identifier>
				<lom:catalog uniqueElementName="catalog">OCW Linked Course Number</lom:catalog>
		      	<lom:entry uniqueElementName="entry">18.6501</lom:entry>
			</lom:identifier>
        </lom:general>
        <lom:lifecycle uniqueElementName="lifeCycle">
            <lom:version uniqueElementName="version">
				<lom:string language="en">Fall 2016</lom:string>
			</lom:version>
            <lom:contribute>
	            <lom:role>
	                <lom:source uniqueElementName="source">OCW_LOMv1.0</lom:source>
	                <lom:value uniqueElementName="value">Author</lom:value>
	            </lom:role>
	            <lom:entity>Rigollet, Philippe</lom:entity>
	            <lom:date uniqueElementName="date">
	                <lom:dateTime uniqueElementName="dateTime">2019-8-11</lom:dateTime>
	            </lom:date>
        	</lom:contribute>
        </lom:lifecycle>
        <lom:taxonPath>
            <lom:source uniqueElementName="source">
                <lom:string language="en">OCW Course Topics</lom:string>
            </lom:source>
            <lom:taxon>
                <lom:entry uniqueElementName="entry">
                    <lom:string language="en">Mathematics</lom:string>
                </lom:entry>
            </lom:taxon>
            <lom:taxon>
                <lom:entry uniqueElementName="entry">
                    <lom:string language="en">Probability and Statistics</lom:string>
                </lom:entry>
            </lom:taxon>
            
        </lom:taxonPath>        
        <adlcp:location>contents/index.htm.xml</adlcp:location>
    </metadata>
    <organizations default="ocw_18-650-statistics-for-applications-fall-2016">
        <organization identifier="ocw_18-650-statistics-for-applications-fall-2016">
            <title>Statistics for Applications </title>
            <item identifier="i_18-650-statistics-for-applications-fall-2016.CourseHome"
                  identifierref="r_contents.index.htm"
                  ocw:sectionTemplateType="CourseHomePage"
                  ocw:sectionTemplateVersion="2019-8-11">
				<title>Statistics for Applications </title>
				<item identifier="i_18-650-statistics-for-applications-fall-2016.18-650f16.jpg"
          identifierref="r_contents.18-650f16.jpg">
				<title>18-650f16.jpg</title>
				</item>
				<item identifier="i_18-650-statistics-for-applications-fall-2016.18-650f16-th.jpg"
          identifierref="r_contents.18-650f16-th.jpg">
				<title>18-650f16-th.jpg</title>
				</item>
			</item>
            <item identifier="i_18-650-statistics-for-applications-fall-2016.lecture-slides"
                  identifierref="r_contents.lecture-slides.index.htm"
                  ocw:sectionTemplateType="CourseSection"
                  ocw:sectionTemplateVersion="2019-8-11">
				<title>Lecture Slides</title>
				<item identifier="i_18-650-statistics-for-applications-fall-2016.lecture-slides.MIT18_650F16_Introduction.pdf"
          identifierref="r_contents.lecture-slides.MIT18_650F16_Introduction.pdf">
				<title>18.650 (F16) Lecture  1: Introduction</title>
				</item>
				<item identifier="i_18-650-statistics-for-applications-fall-2016.lecture-slides.MIT18_650F16_Parametric_Inf.pdf"
          identifierref="r_contents.lecture-slides.MIT18_650F16_Parametric_Inf.pdf">
				<title>18.650 (F16) Lecture 2: Parametric Inference</title>
				</item>
				<item identifier="i_18-650-statistics-for-applications-fall-2016.lecture-slides.MIT18_650F16_Maximum_LE.pdf"
          identifierref="r_contents.lecture-slides.MIT18_650F16_Maximum_LE.pdf">
				<title>18.650 (F16) Lecture 3: Maximum Likelihood Estimation</title>
				</item>
				<item identifier="i_18-650-statistics-for-applications-fall-2016.lecture-slides.MIT18_650F16_Method_of_Moments.pdf"
          identifierref="r_contents.lecture-slides.MIT18_650F16_Method_of_Moments.pdf">
				<title>18.650 (F16) Lecture 4: The Method of Moments</title>
				</item>
				<item identifier="i_18-650-statistics-for-applications-fall-2016.lecture-slides.MIT18_650F16_Parametric_HT.pdf"
          identifierref="r_contents.lecture-slides.MIT18_650F16_Parametric_HT.pdf">
				<title>18.650 (F16) Lecture 5: Parametric hypothesis testing</title>
				</item>
				<item identifier="i_18-650-statistics-for-applications-fall-2016.lecture-slides.MIT18_650F16_Testing_GF.pdf"
          identifierref="r_contents.lecture-slides.MIT18_650F16_Testing_GF.pdf">
				<title>18.650 (F16) Lecture 6: Testing goodness of fit</title>
				</item>
				<item identifier="i_18-650-statistics-for-applications-fall-2016.lecture-slides.MIT18_650F16_Regression.pdf"
          identifierref="r_contents.lecture-slides.MIT18_650F16_Regression.pdf">
				<title>18.650 (F16) Lecture 7: Regression</title>
				</item>
				<item identifier="i_18-650-statistics-for-applications-fall-2016.lecture-slides.MIT18_650F16_Bayesian_Statistics.pdf"
          identifierref="r_contents.lecture-slides.MIT18_650F16_Bayesian_Statistics.pdf">
				<title>18.650 (F16) Lecture 8: Bayesian Statistics</title>
				</item>
				<item identifier="i_18-650-statistics-for-applications-fall-2016.lecture-slides.MIT18_650F16_PCA.pdf"
          identifierref="r_contents.lecture-slides.MIT18_650F16_PCA.pdf">
				<title>18.650 (F16) Lecture 9: Principal Component Analysis (PCA)</title>
				</item>
				<item identifier="i_18-650-statistics-for-applications-fall-2016.lecture-slides.MIT18_650F16_GLM.pdf"
          identifierref="r_contents.lecture-slides.MIT18_650F16_GLM.pdf">
				<title>18.650 (F16) Lecture 10: Generalized Linear Models (GLMs)</title>
				</item>
			</item>
            <item identifier="i_18-650-statistics-for-applications-fall-2016.syllabus"
                  identifierref="r_contents.syllabus.index.htm"
                  ocw:sectionTemplateType="CourseSection"
                  ocw:sectionTemplateVersion="2019-8-11">
				<title>Syllabus</title>
			</item>
            <item identifier="i_18-650-statistics-for-applications-fall-2016.lecture-videos"
                  identifierref="r_contents.lecture-videos.index.htm"
                  ocw:sectionTemplateType="CourseSection"
                  ocw:sectionTemplateVersion="2019-8-11">
				<title>Lecture Videos</title>
				<item identifier="i_18-650-statistics-for-applications-fall-2016.lecture-videos.lecture-4-video"
          identifierref="r_contents.lecture-videos.lecture-4-video.index.htm">
				<title>Lecture 4: Parametric Inference (cont.) and Maximum Likelihood Estimation</title>
				</item>
				<item identifier="i_18-650-statistics-for-applications-fall-2016.lecture-videos.lecture-videos.lecture-4-video.rLlZpnT02ZU.srt"
          identifierref="r_contents.lecture-videos.lecture-4-video.rLlZpnT02ZU.srt">
				<title>3play caption file</title>
				</item>
				<item identifier="i_18-650-statistics-for-applications-fall-2016.lecture-videos.lecture-videos.lecture-4-video.rLlZpnT02ZU.pdf"
          identifierref="r_contents.lecture-videos.lecture-4-video.rLlZpnT02ZU.pdf">
				<title>3play pdf file</title>
				</item>
				<item identifier="i_18-650-statistics-for-applications-fall-2016.lecture-videos.lecture-11-video"
          identifierref="r_contents.lecture-videos.lecture-11-video.index.htm">
				<title>Lecture 11: Parametric Hypothesis Testing (cont.) and Testing Goodness of Fit</title>
				</item>
				<item identifier="i_18-650-statistics-for-applications-fall-2016.lecture-videos.lecture-videos.lecture-11-video.a66tfLdr6oY.srt"
          identifierref="r_contents.lecture-videos.lecture-11-video.a66tfLdr6oY.srt">
				<title>3play caption file</title>
				</item>
				<item identifier="i_18-650-statistics-for-applications-fall-2016.lecture-videos.lecture-videos.lecture-11-video.a66tfLdr6oY.pdf"
          identifierref="r_contents.lecture-videos.lecture-11-video.a66tfLdr6oY.pdf">
				<title>3play pdf file</title>
				</item>
				<item identifier="i_18-650-statistics-for-applications-fall-2016.lecture-videos.lecture-18-video"
          identifierref="r_contents.lecture-videos.lecture-18-video.index.htm">
				<title>Lecture 18: Bayesian Statistics (cont.)</title>
				</item>
				<item identifier="i_18-650-statistics-for-applications-fall-2016.lecture-videos.lecture-videos.lecture-18-video.k2inA31Gups.srt"
          identifierref="r_contents.lecture-videos.lecture-18-video.k2inA31Gups.srt">
				<title>3play caption file</title>
				</item>
				<item identifier="i_18-650-statistics-for-applications-fall-2016.lecture-videos.lecture-videos.lecture-18-video.k2inA31Gups.pdf"
          identifierref="r_contents.lecture-videos.lecture-18-video.k2inA31Gups.pdf">
				<title>3play pdf file</title>
				</item>
				<item identifier="i_18-650-statistics-for-applications-fall-2016.lecture-videos.lecture-22-video"
          identifierref="r_contents.lecture-videos.lecture-22-video.index.htm">
				<title>Lecture 22: Generalized Linear Models (cont.)</title>
				</item>
				<item identifier="i_18-650-statistics-for-applications-fall-2016.lecture-videos.lecture-videos.lecture-22-video.mc1y8m9-hOM.srt"
          identifierref="r_contents.lecture-videos.lecture-22-video.mc1y8m9-hOM.srt">
				<title>3play caption file</title>
				</item>
				<item identifier="i_18-650-statistics-for-applications-fall-2016.lecture-videos.lecture-videos.lecture-22-video.mc1y8m9-hOM.pdf"
          identifierref="r_contents.lecture-videos.lecture-22-video.mc1y8m9-hOM.pdf">
				<title>3play pdf file</title>
				</item>
				<item identifier="i_18-650-statistics-for-applications-fall-2016.lecture-videos.lecture-5-video"
          identifierref="r_contents.lecture-videos.lecture-5-video.index.htm">
				<title>Lecture 5: Maximum Likelihood Estimation (cont.)</title>
				</item>
				<item identifier="i_18-650-statistics-for-applications-fall-2016.lecture-videos.lecture-videos.lecture-5-video.0Va2dOLqUfM.srt"
          identifierref="r_contents.lecture-videos.lecture-5-video.0Va2dOLqUfM.srt">
				<title>3play caption file</title>
				</item>
				<item identifier="i_18-650-statistics-for-applications-fall-2016.lecture-videos.lecture-videos.lecture-5-video.0Va2dOLqUfM.pdf"
          identifierref="r_contents.lecture-videos.lecture-5-video.0Va2dOLqUfM.pdf">
				<title>3play pdf file</title>
				</item>
				<item identifier="i_18-650-statistics-for-applications-fall-2016.lecture-videos.lecture-8-video"
          identifierref="r_contents.lecture-videos.lecture-8-video.index.htm">
				<title>Lecture 8: Parametric Hypothesis Testing (cont.)</title>
				</item>
				<item identifier="i_18-650-statistics-for-applications-fall-2016.lecture-videos.lecture-videos.lecture-8-video.4HRhg4eUiMo.srt"
          identifierref="r_contents.lecture-videos.lecture-8-video.4HRhg4eUiMo.srt">
				<title>3play caption file</title>
				</item>
				<item identifier="i_18-650-statistics-for-applications-fall-2016.lecture-videos.lecture-videos.lecture-8-video.4HRhg4eUiMo.pdf"
          identifierref="r_contents.lecture-videos.lecture-8-video.4HRhg4eUiMo.pdf">
				<title>3play pdf file</title>
				</item>
				<item identifier="i_18-650-statistics-for-applications-fall-2016.lecture-videos.lecture-15-video"
          identifierref="r_contents.lecture-videos.lecture-15-video.index.htm">
				<title>Lecture 15: Regression (cont.)</title>
				</item>
				<item identifier="i_18-650-statistics-for-applications-fall-2016.lecture-videos.lecture-videos.lecture-15-video.V4xOdtqic3o.srt"
          identifierref="r_contents.lecture-videos.lecture-15-video.V4xOdtqic3o.srt">
				<title>3play caption file</title>
				</item>
				<item identifier="i_18-650-statistics-for-applications-fall-2016.lecture-videos.lecture-videos.lecture-15-video.V4xOdtqic3o.pdf"
          identifierref="r_contents.lecture-videos.lecture-15-video.V4xOdtqic3o.pdf">
				<title>3play pdf file</title>
				</item>
				<item identifier="i_18-650-statistics-for-applications-fall-2016.lecture-videos.lecture-20-video"
          identifierref="r_contents.lecture-videos.lecture-20-video.index.htm">
				<title>Lecture 20: Principal Component Analysis (cont.)</title>
				</item>
				<item identifier="i_18-650-statistics-for-applications-fall-2016.lecture-videos.lecture-videos.lecture-20-video.a1ZCeFpeW0o.srt"
          identifierref="r_contents.lecture-videos.lecture-20-video.a1ZCeFpeW0o.srt">
				<title>3play caption file</title>
				</item>
				<item identifier="i_18-650-statistics-for-applications-fall-2016.lecture-videos.lecture-videos.lecture-20-video.a1ZCeFpeW0o.pdf"
          identifierref="r_contents.lecture-videos.lecture-20-video.a1ZCeFpeW0o.pdf">
				<title>3play pdf file</title>
				</item>
				<item identifier="i_18-650-statistics-for-applications-fall-2016.lecture-videos.lecture-23-video"
          identifierref="r_contents.lecture-videos.lecture-23-video.index.htm">
				<title>Lecture 23: Generalized Linear Models (cont.)</title>
				</item>
				<item identifier="i_18-650-statistics-for-applications-fall-2016.lecture-videos.lecture-videos.lecture-23-video.OYcdw5vOgIc.srt"
          identifierref="r_contents.lecture-videos.lecture-23-video.OYcdw5vOgIc.srt">
				<title>3play caption file</title>
				</item>
				<item identifier="i_18-650-statistics-for-applications-fall-2016.lecture-videos.lecture-videos.lecture-23-video.OYcdw5vOgIc.pdf"
          identifierref="r_contents.lecture-videos.lecture-23-video.OYcdw5vOgIc.pdf">
				<title>3play pdf file</title>
				</item>
				<item identifier="i_18-650-statistics-for-applications-fall-2016.lecture-videos.lecture-2-video"
          identifierref="r_contents.lecture-videos.lecture-2-video.index.htm">
				<title>Lecture 2: Introduction to Statistics (cont.)</title>
				</item>
				<item identifier="i_18-650-statistics-for-applications-fall-2016.lecture-videos.lecture-videos.lecture-2-video.C_W1adH-NVE.srt"
          identifierref="r_contents.lecture-videos.lecture-2-video.C_W1adH-NVE.srt">
				<title>3play caption file</title>
				</item>
				<item identifier="i_18-650-statistics-for-applications-fall-2016.lecture-videos.lecture-videos.lecture-2-video.C_W1adH-NVE.pdf"
          identifierref="r_contents.lecture-videos.lecture-2-video.C_W1adH-NVE.pdf">
				<title>3play pdf file</title>
				</item>
				<item identifier="i_18-650-statistics-for-applications-fall-2016.lecture-videos.lecture-3-video"
          identifierref="r_contents.lecture-videos.lecture-3-video.index.htm">
				<title>Lecture 3: Parametric Inference</title>
				</item>
				<item identifier="i_18-650-statistics-for-applications-fall-2016.lecture-videos.lecture-videos.lecture-3-video.TSkDZbGS94k.srt"
          identifierref="r_contents.lecture-videos.lecture-3-video.TSkDZbGS94k.srt">
				<title>3play caption file</title>
				</item>
				<item identifier="i_18-650-statistics-for-applications-fall-2016.lecture-videos.lecture-videos.lecture-3-video.TSkDZbGS94k.pdf"
          identifierref="r_contents.lecture-videos.lecture-3-video.TSkDZbGS94k.pdf">
				<title>3play pdf file</title>
				</item>
				<item identifier="i_18-650-statistics-for-applications-fall-2016.lecture-videos.lecture-6-video"
          identifierref="r_contents.lecture-videos.lecture-6-video.index.htm">
				<title>Lecture 6: Maximum Likelihood Estimation (cont.) and the Method of Moments</title>
				</item>
				<item identifier="i_18-650-statistics-for-applications-fall-2016.lecture-videos.lecture-videos.lecture-6-video.JTbZP0yt9qc.srt"
          identifierref="r_contents.lecture-videos.lecture-6-video.JTbZP0yt9qc.srt">
				<title>3play caption file</title>
				</item>
				<item identifier="i_18-650-statistics-for-applications-fall-2016.lecture-videos.lecture-videos.lecture-6-video.JTbZP0yt9qc.pdf"
          identifierref="r_contents.lecture-videos.lecture-6-video.JTbZP0yt9qc.pdf">
				<title>3play pdf file</title>
				</item>
				<item identifier="i_18-650-statistics-for-applications-fall-2016.lecture-videos.lecture-7-video"
          identifierref="r_contents.lecture-videos.lecture-7-video.index.htm">
				<title>Lecture 7: Parametric Hypothesis Testing</title>
				</item>
				<item identifier="i_18-650-statistics-for-applications-fall-2016.lecture-videos.lecture-videos.lecture-7-video.phbw9r1iUDI.srt"
          identifierref="r_contents.lecture-videos.lecture-7-video.phbw9r1iUDI.srt">
				<title>3play caption file</title>
				</item>
				<item identifier="i_18-650-statistics-for-applications-fall-2016.lecture-videos.lecture-videos.lecture-7-video.phbw9r1iUDI.pdf"
          identifierref="r_contents.lecture-videos.lecture-7-video.phbw9r1iUDI.pdf">
				<title>3play pdf file</title>
				</item>
				<item identifier="i_18-650-statistics-for-applications-fall-2016.lecture-videos.lecture-12-video"
          identifierref="r_contents.lecture-videos.lecture-12-video.index.htm">
				<title>Lecture 12: Testing Goodness of Fit (cont.)</title>
				</item>
				<item identifier="i_18-650-statistics-for-applications-fall-2016.lecture-videos.lecture-videos.lecture-12-video.vMaKx9fmJHE.srt"
          identifierref="r_contents.lecture-videos.lecture-12-video.vMaKx9fmJHE.srt">
				<title>3play caption file</title>
				</item>
				<item identifier="i_18-650-statistics-for-applications-fall-2016.lecture-videos.lecture-videos.lecture-12-video.vMaKx9fmJHE.pdf"
          identifierref="r_contents.lecture-videos.lecture-12-video.vMaKx9fmJHE.pdf">
				<title>3play pdf file</title>
				</item>
				<item identifier="i_18-650-statistics-for-applications-fall-2016.lecture-videos.lecture-17-video"
          identifierref="r_contents.lecture-videos.lecture-17-video.index.htm">
				<title>Lecture 17: Bayesian Statistics</title>
				</item>
				<item identifier="i_18-650-statistics-for-applications-fall-2016.lecture-videos.lecture-videos.lecture-17-video.bFZ-0FH5hfs.srt"
          identifierref="r_contents.lecture-videos.lecture-17-video.bFZ-0FH5hfs.srt">
				<title>3play caption file</title>
				</item>
				<item identifier="i_18-650-statistics-for-applications-fall-2016.lecture-videos.lecture-videos.lecture-17-video.bFZ-0FH5hfs.pdf"
          identifierref="r_contents.lecture-videos.lecture-17-video.bFZ-0FH5hfs.pdf">
				<title>3play pdf file</title>
				</item>
				<item identifier="i_18-650-statistics-for-applications-fall-2016.lecture-videos.lecture-19-video"
          identifierref="r_contents.lecture-videos.lecture-19-video.index.htm">
				<title>Lecture 19: Principal Component Analysis</title>
				</item>
				<item identifier="i_18-650-statistics-for-applications-fall-2016.lecture-videos.lecture-videos.lecture-19-video.WW3ZJHPwvyg.srt"
          identifierref="r_contents.lecture-videos.lecture-19-video.WW3ZJHPwvyg.srt">
				<title>3play caption file</title>
				</item>
				<item identifier="i_18-650-statistics-for-applications-fall-2016.lecture-videos.lecture-videos.lecture-19-video.WW3ZJHPwvyg.pdf"
          identifierref="r_contents.lecture-videos.lecture-19-video.WW3ZJHPwvyg.pdf">
				<title>3play pdf file</title>
				</item>
				<item identifier="i_18-650-statistics-for-applications-fall-2016.lecture-videos.lecture-24-video"
          identifierref="r_contents.lecture-videos.lecture-24-video.index.htm">
				<title>Lecture 24: Generalized Linear Models (cont.)</title>
				</item>
				<item identifier="i_18-650-statistics-for-applications-fall-2016.lecture-videos.lecture-videos.lecture-24-video.lWW54ts9Ubo.srt"
          identifierref="r_contents.lecture-videos.lecture-24-video.lWW54ts9Ubo.srt">
				<title>3play caption file</title>
				</item>
				<item identifier="i_18-650-statistics-for-applications-fall-2016.lecture-videos.lecture-videos.lecture-24-video.lWW54ts9Ubo.pdf"
          identifierref="r_contents.lecture-videos.lecture-24-video.lWW54ts9Ubo.pdf">
				<title>3play pdf file</title>
				</item>
				<item identifier="i_18-650-statistics-for-applications-fall-2016.lecture-videos.lecture-1-introduction-to-statistics"
          identifierref="r_contents.lecture-videos.lecture-1-introduction-to-statistics.index.htm">
				<title>Lecture 1: Introduction to Statistics</title>
				</item>
				<item identifier="i_18-650-statistics-for-applications-fall-2016.lecture-videos.lecture-videos.lecture-1-introduction-to-statistics.VPZD_aij8H0.srt"
          identifierref="r_contents.lecture-videos.lecture-1-introduction-to-statistics.VPZD_aij8H0.srt">
				<title>3play caption file</title>
				</item>
				<item identifier="i_18-650-statistics-for-applications-fall-2016.lecture-videos.lecture-videos.lecture-1-introduction-to-statistics.VPZD_aij8H0.pdf"
          identifierref="r_contents.lecture-videos.lecture-1-introduction-to-statistics.VPZD_aij8H0.pdf">
				<title>3play pdf file</title>
				</item>
				<item identifier="i_18-650-statistics-for-applications-fall-2016.lecture-videos.lecture-9-video"
          identifierref="r_contents.lecture-videos.lecture-9-video.index.htm">
				<title>Lecture 9: Parametric Hypothesis Testing (cont.)</title>
				</item>
				<item identifier="i_18-650-statistics-for-applications-fall-2016.lecture-videos.lecture-videos.lecture-9-video.QXkOaifVfW4.srt"
          identifierref="r_contents.lecture-videos.lecture-9-video.QXkOaifVfW4.srt">
				<title>3play caption file</title>
				</item>
				<item identifier="i_18-650-statistics-for-applications-fall-2016.lecture-videos.lecture-videos.lecture-9-video.QXkOaifVfW4.pdf"
          identifierref="r_contents.lecture-videos.lecture-9-video.QXkOaifVfW4.pdf">
				<title>3play pdf file</title>
				</item>
				<item identifier="i_18-650-statistics-for-applications-fall-2016.lecture-videos.lecture-13-video"
          identifierref="r_contents.lecture-videos.lecture-13-video.index.htm">
				<title>Lecture 13: Regression</title>
				</item>
				<item identifier="i_18-650-statistics-for-applications-fall-2016.lecture-videos.lecture-videos.lecture-13-video.yP1S37BiEsQ.srt"
          identifierref="r_contents.lecture-videos.lecture-13-video.yP1S37BiEsQ.srt">
				<title>3play caption file</title>
				</item>
				<item identifier="i_18-650-statistics-for-applications-fall-2016.lecture-videos.lecture-videos.lecture-13-video.yP1S37BiEsQ.pdf"
          identifierref="r_contents.lecture-videos.lecture-13-video.yP1S37BiEsQ.pdf">
				<title>3play pdf file</title>
				</item>
				<item identifier="i_18-650-statistics-for-applications-fall-2016.lecture-videos.lecture-14-video"
          identifierref="r_contents.lecture-videos.lecture-14-video.index.htm">
				<title>Lecture 14: Regression (cont.)</title>
				</item>
				<item identifier="i_18-650-statistics-for-applications-fall-2016.lecture-videos.lecture-videos.lecture-14-video.JBIz7UadY5M.srt"
          identifierref="r_contents.lecture-videos.lecture-14-video.JBIz7UadY5M.srt">
				<title>3play caption file</title>
				</item>
				<item identifier="i_18-650-statistics-for-applications-fall-2016.lecture-videos.lecture-videos.lecture-14-video.JBIz7UadY5M.pdf"
          identifierref="r_contents.lecture-videos.lecture-14-video.JBIz7UadY5M.pdf">
				<title>3play pdf file</title>
				</item>
				<item identifier="i_18-650-statistics-for-applications-fall-2016.lecture-videos.lecture-21-video"
          identifierref="r_contents.lecture-videos.lecture-21-video.index.htm">
				<title>Lecture 21: Generalized Linear Models</title>
				</item>
				<item identifier="i_18-650-statistics-for-applications-fall-2016.lecture-videos.lecture-videos.lecture-21-video.X-ix97pw0xY.srt"
          identifierref="r_contents.lecture-videos.lecture-21-video.X-ix97pw0xY.srt">
				<title>3play caption file</title>
				</item>
				<item identifier="i_18-650-statistics-for-applications-fall-2016.lecture-videos.lecture-videos.lecture-21-video.X-ix97pw0xY.pdf"
          identifierref="r_contents.lecture-videos.lecture-21-video.X-ix97pw0xY.pdf">
				<title>3play pdf file</title>
				</item>
			</item>
            <item identifier="i_18-650-statistics-for-applications-fall-2016.assignments"
                  identifierref="r_contents.assignments.index.htm"
                  ocw:sectionTemplateType="CourseSection"
                  ocw:sectionTemplateVersion="2019-8-11">
				<title>Assignments</title>
				<item identifier="i_18-650-statistics-for-applications-fall-2016.assignments.MIT18_650F16_PSet9.pdf"
          identifierref="r_contents.assignments.MIT18_650F16_PSet9.pdf">
				<title>18.650 (F16) Problem Set 9</title>
				</item>
				<item identifier="i_18-650-statistics-for-applications-fall-2016.assignments.MIT18_650F16_PSet1.pdf"
          identifierref="r_contents.assignments.MIT18_650F16_PSet1.pdf">
				<title>18.650 (F16) Problem Set 1</title>
				</item>
				<item identifier="i_18-650-statistics-for-applications-fall-2016.assignments.MIT18_650F16_PSet5.pdf"
          identifierref="r_contents.assignments.MIT18_650F16_PSet5.pdf">
				<title>18.650 (F16) Problem Set 5</title>
				</item>
				<item identifier="i_18-650-statistics-for-applications-fall-2016.assignments.MIT18_650F16_PSet10.pdf"
          identifierref="r_contents.assignments.MIT18_650F16_PSet10.pdf">
				<title>18.650 (F16) Problem Set 10</title>
				</item>
				<item identifier="i_18-650-statistics-for-applications-fall-2016.assignments.MIT18_650F16_PSet11.pdf"
          identifierref="r_contents.assignments.MIT18_650F16_PSet11.pdf">
				<title>18.650 (F16) Problem Set 11</title>
				</item>
				<item identifier="i_18-650-statistics-for-applications-fall-2016.assignments.MIT18_650F16_PSet2.pdf"
          identifierref="r_contents.assignments.MIT18_650F16_PSet2.pdf">
				<title>18.650 (F16) Problem Set 2</title>
				</item>
				<item identifier="i_18-650-statistics-for-applications-fall-2016.assignments.MIT18_650F16_PSet7.pdf"
          identifierref="r_contents.assignments.MIT18_650F16_PSet7.pdf">
				<title>18.650 (F16) Problem Set 7</title>
				</item>
				<item identifier="i_18-650-statistics-for-applications-fall-2016.assignments.MIT18_650F16_PSet8.pdf"
          identifierref="r_contents.assignments.MIT18_650F16_PSet8.pdf">
				<title>18.650 (F16) Problem Set 8</title>
				</item>
				<item identifier="i_18-650-statistics-for-applications-fall-2016.assignments.MIT18_650F16_PSet3.pdf"
          identifierref="r_contents.assignments.MIT18_650F16_PSet3.pdf">
				<title>18.650 (F16) Problem Set 3</title>
				</item>
				<item identifier="i_18-650-statistics-for-applications-fall-2016.assignments.MIT18_650F16_PSet4.pdf"
          identifierref="r_contents.assignments.MIT18_650F16_PSet4.pdf">
				<title>18.650 (F16) Problem Set 4</title>
				</item>
				<item identifier="i_18-650-statistics-for-applications-fall-2016.assignments.MIT18_650F16_PSet6.pdf"
          identifierref="r_contents.assignments.MIT18_650F16_PSet6.pdf">
				<title>18.650 (F16) Problem Set 6</title>
				</item>
			</item>
            <item identifier="i_terms"
                  identifierref="r_common.terms.index.htm"
                  ocw:sectionTemplateType="GlobalSection"
                  ocw:sectionTemplateVersion="2019-8-11">
				<title>Legal Notices</title>
			</item>
            <item identifier="i_terms"
                  identifierref="r_common.terms.index.htm"
                  ocw:sectionTemplateType="GlobalSection"
                  ocw:sectionTemplateVersion="2019-8-11">
				<title>Privacy Statement</title>
			</item>
            <item identifier="i_terms.trademarks"
                  identifierref="r_common.terms.trademarks.index.htm"
                  ocw:sectionTemplateType="GlobalSection"
                  ocw:sectionTemplateVersion="2019-8-11">
				<title>Trademark Notices</title>
			</item>
        </organization>
    </organizations>
    <resources>
        <resource identifier="r_contents.lecture-videos.lecture-13-video.yP1S37BiEsQ.pdf"
                  type="other"
                  href="contents/lecture-videos/lecture-13-video/yP1S37BiEsQ.pdf">
            <metadata>
                <adlcp:location>contents/lecture-videos/lecture-13-video/yP1S37BiEsQ.pdf.xml</adlcp:location>
            </metadata>
            <file href="contents/lecture-videos/lecture-13-video/yP1S37BiEsQ.pdf"/>
                        
        </resource>
        <resource identifier="r_contents.18-650f16.jpg"
                  type="other" href="contents/18-650f16.jpg">
            <metadata>
                <adlcp:location>contents/18-650f16.jpg.xml</adlcp:location>
            </metadata>
            <file href="contents/18-650f16.jpg"/>
                        
        </resource>
        <resource identifier="r_contents.lecture-slides.MIT18_650F16_Method_of_Moments.pdf"
                  type="other"
                  href="contents/lecture-slides/MIT18_650F16_Method_of_Moments.pdf">
            <metadata>
                <adlcp:location>contents/lecture-slides/MIT18_650F16_Method_of_Moments.pdf.xml</adlcp:location>
            </metadata>
            <file href="contents/lecture-slides/MIT18_650F16_Method_of_Moments.pdf"/>
                        
        </resource>
        <resource identifier="r_contents.lecture-videos.lecture-7-video.phbw9r1iUDI.pdf"
                  type="other"
                  href="contents/lecture-videos/lecture-7-video/phbw9r1iUDI.pdf">
            <metadata>
                <adlcp:location>contents/lecture-videos/lecture-7-video/phbw9r1iUDI.pdf.xml</adlcp:location>
            </metadata>
            <file href="contents/lecture-videos/lecture-7-video/phbw9r1iUDI.pdf"/>
                        
        </resource>
        <resource identifier="r_contents.assignments.MIT18_650F16_PSet7.pdf"
                  type="other"
                  href="contents/assignments/MIT18_650F16_PSet7.pdf">
            <metadata>
                <adlcp:location>contents/assignments/MIT18_650F16_PSet7.pdf.xml</adlcp:location>
            </metadata>
            <file href="contents/assignments/MIT18_650F16_PSet7.pdf"/>
                        
        </resource>
        <resource identifier="r_contents.lecture-videos.lecture-5-video.0Va2dOLqUfM.srt"
                  type="other"
                  href="contents/lecture-videos/lecture-5-video/0Va2dOLqUfM.srt">
            <metadata>
                <adlcp:location>contents/lecture-videos/lecture-5-video/0Va2dOLqUfM.srt.xml</adlcp:location>
            </metadata>
            <file href="contents/lecture-videos/lecture-5-video/0Va2dOLqUfM.srt"/>
                        
        </resource>
        <resource identifier="r_contents.assignments.MIT18_650F16_PSet8.pdf"
                  type="other"
                  href="contents/assignments/MIT18_650F16_PSet8.pdf">
            <metadata>
                <adlcp:location>contents/assignments/MIT18_650F16_PSet8.pdf.xml</adlcp:location>
            </metadata>
            <file href="contents/assignments/MIT18_650F16_PSet8.pdf"/>
                        
        </resource>
        <resource identifier="r_contents.lecture-videos.lecture-8-video.4HRhg4eUiMo.srt"
                  type="other"
                  href="contents/lecture-videos/lecture-8-video/4HRhg4eUiMo.srt">
            <metadata>
                <adlcp:location>contents/lecture-videos/lecture-8-video/4HRhg4eUiMo.srt.xml</adlcp:location>
            </metadata>
            <file href="contents/lecture-videos/lecture-8-video/4HRhg4eUiMo.srt"/>
                        
        </resource>
        <resource identifier="r_contents.syllabus.index.htm"
                  type="webcontent"
                  href="contents/syllabus/index.htm">
            <metadata>
                <adlcp:location>contents/syllabus/index.htm.xml</adlcp:location>
            </metadata>
            <file href="contents/syllabus/index.htm"/>
            <dependency identifierref="webrenderrequirements.18-650-statistics-for-applications-fall-2016"/>            
        </resource>
        <resource identifier="r_contents.lecture-slides.MIT18_650F16_Parametric_HT.pdf"
                  type="other"
                  href="contents/lecture-slides/MIT18_650F16_Parametric_HT.pdf">
            <metadata>
                <adlcp:location>contents/lecture-slides/MIT18_650F16_Parametric_HT.pdf.xml</adlcp:location>
            </metadata>
            <file href="contents/lecture-slides/MIT18_650F16_Parametric_HT.pdf"/>
                        
        </resource>
        <resource identifier="r_contents.lecture-slides.MIT18_650F16_Introduction.pdf"
                  type="other"
                  href="contents/lecture-slides/MIT18_650F16_Introduction.pdf">
            <metadata>
                <adlcp:location>contents/lecture-slides/MIT18_650F16_Introduction.pdf.xml</adlcp:location>
            </metadata>
            <file href="contents/lecture-slides/MIT18_650F16_Introduction.pdf"/>
                        
        </resource>
        <resource identifier="r_contents.lecture-slides.MIT18_650F16_Parametric_Inf.pdf"
                  type="other"
                  href="contents/lecture-slides/MIT18_650F16_Parametric_Inf.pdf">
            <metadata>
                <adlcp:location>contents/lecture-slides/MIT18_650F16_Parametric_Inf.pdf.xml</adlcp:location>
            </metadata>
            <file href="contents/lecture-slides/MIT18_650F16_Parametric_Inf.pdf"/>
                        
        </resource>
        <resource identifier="r_contents.lecture-videos.lecture-2-video.index.htm"
                  type="webcontent"
                  href="contents/lecture-videos/lecture-2-video/index.htm">
            <metadata>
                <adlcp:location>contents/lecture-videos/lecture-2-video/index.htm.xml</adlcp:location>
            </metadata>
            <file href="contents/lecture-videos/lecture-2-video/index.htm"/>
            <dependency identifierref="webrenderrequirements.18-650-statistics-for-applications-fall-2016"/>            
        </resource>
        <resource identifier="r_contents.index.htm"
                  type="webcontent"
                  href="contents/index.htm">
            <metadata>
                <adlcp:location>contents/index.htm.xml</adlcp:location>
            </metadata>
            <file href="contents/index.htm"/>
            <dependency identifierref="webrenderrequirements.18-650-statistics-for-applications-fall-2016"/>            
        </resource>
        <resource identifier="r_contents.lecture-videos.lecture-19-video.WW3ZJHPwvyg.pdf"
                  type="other"
                  href="contents/lecture-videos/lecture-19-video/WW3ZJHPwvyg.pdf">
            <metadata>
                <adlcp:location>contents/lecture-videos/lecture-19-video/WW3ZJHPwvyg.pdf.xml</adlcp:location>
            </metadata>
            <file href="contents/lecture-videos/lecture-19-video/WW3ZJHPwvyg.pdf"/>
                        
        </resource>
        <resource identifier="r_contents.lecture-videos.lecture-6-video.index.htm"
                  type="webcontent"
                  href="contents/lecture-videos/lecture-6-video/index.htm">
            <metadata>
                <adlcp:location>contents/lecture-videos/lecture-6-video/index.htm.xml</adlcp:location>
            </metadata>
            <file href="contents/lecture-videos/lecture-6-video/index.htm"/>
            <dependency identifierref="webrenderrequirements.18-650-statistics-for-applications-fall-2016"/>            
        </resource>
        <resource identifier="r_contents.lecture-videos.lecture-22-video.index.htm"
                  type="webcontent"
                  href="contents/lecture-videos/lecture-22-video/index.htm">
            <metadata>
                <adlcp:location>contents/lecture-videos/lecture-22-video/index.htm.xml</adlcp:location>
            </metadata>
            <file href="contents/lecture-videos/lecture-22-video/index.htm"/>
            <dependency identifierref="webrenderrequirements.18-650-statistics-for-applications-fall-2016"/>            
        </resource>
        <resource identifier="r_contents.lecture-videos.lecture-9-video.QXkOaifVfW4.pdf"
                  type="other"
                  href="contents/lecture-videos/lecture-9-video/QXkOaifVfW4.pdf">
            <metadata>
                <adlcp:location>contents/lecture-videos/lecture-9-video/QXkOaifVfW4.pdf.xml</adlcp:location>
            </metadata>
            <file href="contents/lecture-videos/lecture-9-video/QXkOaifVfW4.pdf"/>
                        
        </resource>
        <resource identifier="r_contents.lecture-videos.lecture-5-video.0Va2dOLqUfM.pdf"
                  type="other"
                  href="contents/lecture-videos/lecture-5-video/0Va2dOLqUfM.pdf">
            <metadata>
                <adlcp:location>contents/lecture-videos/lecture-5-video/0Va2dOLqUfM.pdf.xml</adlcp:location>
            </metadata>
            <file href="contents/lecture-videos/lecture-5-video/0Va2dOLqUfM.pdf"/>
                        
        </resource>
        <resource identifier="r_contents.assignments.MIT18_650F16_PSet11.pdf"
                  type="other"
                  href="contents/assignments/MIT18_650F16_PSet11.pdf">
            <metadata>
                <adlcp:location>contents/assignments/MIT18_650F16_PSet11.pdf.xml</adlcp:location>
            </metadata>
            <file href="contents/assignments/MIT18_650F16_PSet11.pdf"/>
                        
        </resource>
        <resource identifier="r_contents.lecture-slides.MIT18_650F16_GLM.pdf"
                  type="other"
                  href="contents/lecture-slides/MIT18_650F16_GLM.pdf">
            <metadata>
                <adlcp:location>contents/lecture-slides/MIT18_650F16_GLM.pdf.xml</adlcp:location>
            </metadata>
            <file href="contents/lecture-slides/MIT18_650F16_GLM.pdf"/>
                        
        </resource>
        <resource identifier="r_contents.lecture-videos.lecture-20-video.a1ZCeFpeW0o.srt"
                  type="other"
                  href="contents/lecture-videos/lecture-20-video/a1ZCeFpeW0o.srt">
            <metadata>
                <adlcp:location>contents/lecture-videos/lecture-20-video/a1ZCeFpeW0o.srt.xml</adlcp:location>
            </metadata>
            <file href="contents/lecture-videos/lecture-20-video/a1ZCeFpeW0o.srt"/>
                        
        </resource>
        <resource identifier="r_contents.assignments.MIT18_650F16_PSet3.pdf"
                  type="other"
                  href="contents/assignments/MIT18_650F16_PSet3.pdf">
            <metadata>
                <adlcp:location>contents/assignments/MIT18_650F16_PSet3.pdf.xml</adlcp:location>
            </metadata>
            <file href="contents/assignments/MIT18_650F16_PSet3.pdf"/>
                        
        </resource>
        <resource identifier="r_contents.lecture-videos.lecture-9-video.QXkOaifVfW4.srt"
                  type="other"
                  href="contents/lecture-videos/lecture-9-video/QXkOaifVfW4.srt">
            <metadata>
                <adlcp:location>contents/lecture-videos/lecture-9-video/QXkOaifVfW4.srt.xml</adlcp:location>
            </metadata>
            <file href="contents/lecture-videos/lecture-9-video/QXkOaifVfW4.srt"/>
                        
        </resource>
        <resource identifier="r_contents.lecture-videos.index.htm"
                  type="webcontent"
                  href="contents/lecture-videos/index.htm">
            <metadata>
                <adlcp:location>contents/lecture-videos/index.htm.xml</adlcp:location>
            </metadata>
            <file href="contents/lecture-videos/index.htm"/>
            <dependency identifierref="webrenderrequirements.18-650-statistics-for-applications-fall-2016"/>            
        </resource>
        <resource identifier="r_contents.lecture-videos.lecture-18-video.k2inA31Gups.pdf"
                  type="other"
                  href="contents/lecture-videos/lecture-18-video/k2inA31Gups.pdf">
            <metadata>
                <adlcp:location>contents/lecture-videos/lecture-18-video/k2inA31Gups.pdf.xml</adlcp:location>
            </metadata>
            <file href="contents/lecture-videos/lecture-18-video/k2inA31Gups.pdf"/>
                        
        </resource>
        <resource identifier="r_contents.lecture-slides.MIT18_650F16_PCA.pdf"
                  type="other"
                  href="contents/lecture-slides/MIT18_650F16_PCA.pdf">
            <metadata>
                <adlcp:location>contents/lecture-slides/MIT18_650F16_PCA.pdf.xml</adlcp:location>
            </metadata>
            <file href="contents/lecture-slides/MIT18_650F16_PCA.pdf"/>
                        
        </resource>
        <resource identifier="r_contents.lecture-slides.MIT18_650F16_Maximum_LE.pdf"
                  type="other"
                  href="contents/lecture-slides/MIT18_650F16_Maximum_LE.pdf">
            <metadata>
                <adlcp:location>contents/lecture-slides/MIT18_650F16_Maximum_LE.pdf.xml</adlcp:location>
            </metadata>
            <file href="contents/lecture-slides/MIT18_650F16_Maximum_LE.pdf"/>
                        
        </resource>
        <resource identifier="r_contents.lecture-videos.lecture-23-video.OYcdw5vOgIc.srt"
                  type="other"
                  href="contents/lecture-videos/lecture-23-video/OYcdw5vOgIc.srt">
            <metadata>
                <adlcp:location>contents/lecture-videos/lecture-23-video/OYcdw5vOgIc.srt.xml</adlcp:location>
            </metadata>
            <file href="contents/lecture-videos/lecture-23-video/OYcdw5vOgIc.srt"/>
                        
        </resource>
        <resource identifier="r_contents.lecture-videos.lecture-17-video.index.htm"
                  type="webcontent"
                  href="contents/lecture-videos/lecture-17-video/index.htm">
            <metadata>
                <adlcp:location>contents/lecture-videos/lecture-17-video/index.htm.xml</adlcp:location>
            </metadata>
            <file href="contents/lecture-videos/lecture-17-video/index.htm"/>
            <dependency identifierref="webrenderrequirements.18-650-statistics-for-applications-fall-2016"/>            
        </resource>
        <resource identifier="r_contents.lecture-videos.lecture-20-video.index.htm"
                  type="webcontent"
                  href="contents/lecture-videos/lecture-20-video/index.htm">
            <metadata>
                <adlcp:location>contents/lecture-videos/lecture-20-video/index.htm.xml</adlcp:location>
            </metadata>
            <file href="contents/lecture-videos/lecture-20-video/index.htm"/>
            <dependency identifierref="webrenderrequirements.18-650-statistics-for-applications-fall-2016"/>            
        </resource>
        <resource identifier="r_contents.lecture-videos.lecture-18-video.k2inA31Gups.srt"
                  type="other"
                  href="contents/lecture-videos/lecture-18-video/k2inA31Gups.srt">
            <metadata>
                <adlcp:location>contents/lecture-videos/lecture-18-video/k2inA31Gups.srt.xml</adlcp:location>
            </metadata>
            <file href="contents/lecture-videos/lecture-18-video/k2inA31Gups.srt"/>
                        
        </resource>
        <resource identifier="r_contents.lecture-videos.lecture-15-video.V4xOdtqic3o.pdf"
                  type="other"
                  href="contents/lecture-videos/lecture-15-video/V4xOdtqic3o.pdf">
            <metadata>
                <adlcp:location>contents/lecture-videos/lecture-15-video/V4xOdtqic3o.pdf.xml</adlcp:location>
            </metadata>
            <file href="contents/lecture-videos/lecture-15-video/V4xOdtqic3o.pdf"/>
                        
        </resource>
        <resource identifier="r_contents.assignments.MIT18_650F16_PSet5.pdf"
                  type="other"
                  href="contents/assignments/MIT18_650F16_PSet5.pdf">
            <metadata>
                <adlcp:location>contents/assignments/MIT18_650F16_PSet5.pdf.xml</adlcp:location>
            </metadata>
            <file href="contents/assignments/MIT18_650F16_PSet5.pdf"/>
                        
        </resource>
        <resource identifier="r_contents.lecture-slides.MIT18_650F16_Bayesian_Statistics.pdf"
                  type="other"
                  href="contents/lecture-slides/MIT18_650F16_Bayesian_Statistics.pdf">
            <metadata>
                <adlcp:location>contents/lecture-slides/MIT18_650F16_Bayesian_Statistics.pdf.xml</adlcp:location>
            </metadata>
            <file href="contents/lecture-slides/MIT18_650F16_Bayesian_Statistics.pdf"/>
                        
        </resource>
        <resource identifier="r_contents.lecture-slides.index.htm"
                  type="webcontent"
                  href="contents/lecture-slides/index.htm">
            <metadata>
                <adlcp:location>contents/lecture-slides/index.htm.xml</adlcp:location>
            </metadata>
            <file href="contents/lecture-slides/index.htm"/>
            <dependency identifierref="webrenderrequirements.18-650-statistics-for-applications-fall-2016"/>            
        </resource>
        <resource identifier="r_contents.lecture-videos.lecture-15-video.index.htm"
                  type="webcontent"
                  href="contents/lecture-videos/lecture-15-video/index.htm">
            <metadata>
                <adlcp:location>contents/lecture-videos/lecture-15-video/index.htm.xml</adlcp:location>
            </metadata>
            <file href="contents/lecture-videos/lecture-15-video/index.htm"/>
            <dependency identifierref="webrenderrequirements.18-650-statistics-for-applications-fall-2016"/>            
        </resource>
        <resource identifier="r_contents.lecture-videos.lecture-3-video.TSkDZbGS94k.srt"
                  type="other"
                  href="contents/lecture-videos/lecture-3-video/TSkDZbGS94k.srt">
            <metadata>
                <adlcp:location>contents/lecture-videos/lecture-3-video/TSkDZbGS94k.srt.xml</adlcp:location>
            </metadata>
            <file href="contents/lecture-videos/lecture-3-video/TSkDZbGS94k.srt"/>
                        
        </resource>
        <resource identifier="r_contents.lecture-videos.lecture-8-video.4HRhg4eUiMo.pdf"
                  type="other"
                  href="contents/lecture-videos/lecture-8-video/4HRhg4eUiMo.pdf">
            <metadata>
                <adlcp:location>contents/lecture-videos/lecture-8-video/4HRhg4eUiMo.pdf.xml</adlcp:location>
            </metadata>
            <file href="contents/lecture-videos/lecture-8-video/4HRhg4eUiMo.pdf"/>
                        
        </resource>
        <resource identifier="r_contents.assignments.MIT18_650F16_PSet2.pdf"
                  type="other"
                  href="contents/assignments/MIT18_650F16_PSet2.pdf">
            <metadata>
                <adlcp:location>contents/assignments/MIT18_650F16_PSet2.pdf.xml</adlcp:location>
            </metadata>
            <file href="contents/assignments/MIT18_650F16_PSet2.pdf"/>
                        
        </resource>
        <resource identifier="r_contents.lecture-videos.lecture-6-video.JTbZP0yt9qc.pdf"
                  type="other"
                  href="contents/lecture-videos/lecture-6-video/JTbZP0yt9qc.pdf">
            <metadata>
                <adlcp:location>contents/lecture-videos/lecture-6-video/JTbZP0yt9qc.pdf.xml</adlcp:location>
            </metadata>
            <file href="contents/lecture-videos/lecture-6-video/JTbZP0yt9qc.pdf"/>
                        
        </resource>
        <resource identifier="r_contents.assignments.MIT18_650F16_PSet1.pdf"
                  type="other"
                  href="contents/assignments/MIT18_650F16_PSet1.pdf">
            <metadata>
                <adlcp:location>contents/assignments/MIT18_650F16_PSet1.pdf.xml</adlcp:location>
            </metadata>
            <file href="contents/assignments/MIT18_650F16_PSet1.pdf"/>
                        
        </resource>
        <resource identifier="r_contents.assignments.index.htm"
                  type="webcontent"
                  href="contents/assignments/index.htm">
            <metadata>
                <adlcp:location>contents/assignments/index.htm.xml</adlcp:location>
            </metadata>
            <file href="contents/assignments/index.htm"/>
            <dependency identifierref="webrenderrequirements.18-650-statistics-for-applications-fall-2016"/>            
        </resource>
        <resource identifier="r_contents.lecture-videos.lecture-21-video.X-ix97pw0xY.srt"
                  type="other"
                  href="contents/lecture-videos/lecture-21-video/X-ix97pw0xY.srt">
            <metadata>
                <adlcp:location>contents/lecture-videos/lecture-21-video/X-ix97pw0xY.srt.xml</adlcp:location>
            </metadata>
            <file href="contents/lecture-videos/lecture-21-video/X-ix97pw0xY.srt"/>
                        
        </resource>
        <resource identifier="r_contents.lecture-videos.lecture-12-video.index.htm"
                  type="webcontent"
                  href="contents/lecture-videos/lecture-12-video/index.htm">
            <metadata>
                <adlcp:location>contents/lecture-videos/lecture-12-video/index.htm.xml</adlcp:location>
            </metadata>
            <file href="contents/lecture-videos/lecture-12-video/index.htm"/>
            <dependency identifierref="webrenderrequirements.18-650-statistics-for-applications-fall-2016"/>            
        </resource>
        <resource identifier="r_contents.lecture-videos.lecture-19-video.WW3ZJHPwvyg.srt"
                  type="other"
                  href="contents/lecture-videos/lecture-19-video/WW3ZJHPwvyg.srt">
            <metadata>
                <adlcp:location>contents/lecture-videos/lecture-19-video/WW3ZJHPwvyg.srt.xml</adlcp:location>
            </metadata>
            <file href="contents/lecture-videos/lecture-19-video/WW3ZJHPwvyg.srt"/>
                        
        </resource>
        <resource identifier="r_contents.lecture-videos.lecture-7-video.phbw9r1iUDI.srt"
                  type="other"
                  href="contents/lecture-videos/lecture-7-video/phbw9r1iUDI.srt">
            <metadata>
                <adlcp:location>contents/lecture-videos/lecture-7-video/phbw9r1iUDI.srt.xml</adlcp:location>
            </metadata>
            <file href="contents/lecture-videos/lecture-7-video/phbw9r1iUDI.srt"/>
                        
        </resource>
        <resource identifier="r_contents.lecture-videos.lecture-11-video.index.htm"
                  type="webcontent"
                  href="contents/lecture-videos/lecture-11-video/index.htm">
            <metadata>
                <adlcp:location>contents/lecture-videos/lecture-11-video/index.htm.xml</adlcp:location>
            </metadata>
            <file href="contents/lecture-videos/lecture-11-video/index.htm"/>
            <dependency identifierref="webrenderrequirements.18-650-statistics-for-applications-fall-2016"/>            
        </resource>
        <resource identifier="r_contents.lecture-videos.lecture-4-video.index.htm"
                  type="webcontent"
                  href="contents/lecture-videos/lecture-4-video/index.htm">
            <metadata>
                <adlcp:location>contents/lecture-videos/lecture-4-video/index.htm.xml</adlcp:location>
            </metadata>
            <file href="contents/lecture-videos/lecture-4-video/index.htm"/>
            <dependency identifierref="webrenderrequirements.18-650-statistics-for-applications-fall-2016"/>            
        </resource>
        <resource identifier="r_contents.lecture-videos.lecture-1-introduction-to-statistics.index.htm"
                  type="webcontent"
                  href="contents/lecture-videos/lecture-1-introduction-to-statistics/index.htm">
            <metadata>
                <adlcp:location>contents/lecture-videos/lecture-1-introduction-to-statistics/index.htm.xml</adlcp:location>
            </metadata>
            <file href="contents/lecture-videos/lecture-1-introduction-to-statistics/index.htm"/>
            <dependency identifierref="webrenderrequirements.18-650-statistics-for-applications-fall-2016"/>            
        </resource>
        <resource identifier="r_contents.lecture-videos.lecture-6-video.JTbZP0yt9qc.srt"
                  type="other"
                  href="contents/lecture-videos/lecture-6-video/JTbZP0yt9qc.srt">
            <metadata>
                <adlcp:location>contents/lecture-videos/lecture-6-video/JTbZP0yt9qc.srt.xml</adlcp:location>
            </metadata>
            <file href="contents/lecture-videos/lecture-6-video/JTbZP0yt9qc.srt"/>
                        
        </resource>
        <resource identifier="r_contents.lecture-videos.lecture-12-video.vMaKx9fmJHE.srt"
                  type="other"
                  href="contents/lecture-videos/lecture-12-video/vMaKx9fmJHE.srt">
            <metadata>
                <adlcp:location>contents/lecture-videos/lecture-12-video/vMaKx9fmJHE.srt.xml</adlcp:location>
            </metadata>
            <file href="contents/lecture-videos/lecture-12-video/vMaKx9fmJHE.srt"/>
                        
        </resource>
        <resource identifier="r_contents.lecture-videos.lecture-18-video.index.htm"
                  type="webcontent"
                  href="contents/lecture-videos/lecture-18-video/index.htm">
            <metadata>
                <adlcp:location>contents/lecture-videos/lecture-18-video/index.htm.xml</adlcp:location>
            </metadata>
            <file href="contents/lecture-videos/lecture-18-video/index.htm"/>
            <dependency identifierref="webrenderrequirements.18-650-statistics-for-applications-fall-2016"/>            
        </resource>
        <resource identifier="r_contents.lecture-videos.lecture-14-video.JBIz7UadY5M.srt"
                  type="other"
                  href="contents/lecture-videos/lecture-14-video/JBIz7UadY5M.srt">
            <metadata>
                <adlcp:location>contents/lecture-videos/lecture-14-video/JBIz7UadY5M.srt.xml</adlcp:location>
            </metadata>
            <file href="contents/lecture-videos/lecture-14-video/JBIz7UadY5M.srt"/>
                        
        </resource>
        <resource identifier="r_contents.lecture-videos.lecture-2-video.C_W1adH-NVE.srt"
                  type="other"
                  href="contents/lecture-videos/lecture-2-video/C_W1adH-NVE.srt">
            <metadata>
                <adlcp:location>contents/lecture-videos/lecture-2-video/C_W1adH-NVE.srt.xml</adlcp:location>
            </metadata>
            <file href="contents/lecture-videos/lecture-2-video/C_W1adH-NVE.srt"/>
                        
        </resource>
        <resource identifier="r_contents.assignments.MIT18_650F16_PSet4.pdf"
                  type="other"
                  href="contents/assignments/MIT18_650F16_PSet4.pdf">
            <metadata>
                <adlcp:location>contents/assignments/MIT18_650F16_PSet4.pdf.xml</adlcp:location>
            </metadata>
            <file href="contents/assignments/MIT18_650F16_PSet4.pdf"/>
                        
        </resource>
        <resource identifier="r_contents.lecture-videos.lecture-24-video.lWW54ts9Ubo.pdf"
                  type="other"
                  href="contents/lecture-videos/lecture-24-video/lWW54ts9Ubo.pdf">
            <metadata>
                <adlcp:location>contents/lecture-videos/lecture-24-video/lWW54ts9Ubo.pdf.xml</adlcp:location>
            </metadata>
            <file href="contents/lecture-videos/lecture-24-video/lWW54ts9Ubo.pdf"/>
                        
        </resource>
        <resource identifier="r_contents.lecture-videos.lecture-7-video.index.htm"
                  type="webcontent"
                  href="contents/lecture-videos/lecture-7-video/index.htm">
            <metadata>
                <adlcp:location>contents/lecture-videos/lecture-7-video/index.htm.xml</adlcp:location>
            </metadata>
            <file href="contents/lecture-videos/lecture-7-video/index.htm"/>
            <dependency identifierref="webrenderrequirements.18-650-statistics-for-applications-fall-2016"/>            
        </resource>
        <resource identifier="r_contents.lecture-slides.MIT18_650F16_Regression.pdf"
                  type="other"
                  href="contents/lecture-slides/MIT18_650F16_Regression.pdf">
            <metadata>
                <adlcp:location>contents/lecture-slides/MIT18_650F16_Regression.pdf.xml</adlcp:location>
            </metadata>
            <file href="contents/lecture-slides/MIT18_650F16_Regression.pdf"/>
                        
        </resource>
        <resource identifier="r_contents.lecture-videos.lecture-14-video.index.htm"
                  type="webcontent"
                  href="contents/lecture-videos/lecture-14-video/index.htm">
            <metadata>
                <adlcp:location>contents/lecture-videos/lecture-14-video/index.htm.xml</adlcp:location>
            </metadata>
            <file href="contents/lecture-videos/lecture-14-video/index.htm"/>
            <dependency identifierref="webrenderrequirements.18-650-statistics-for-applications-fall-2016"/>            
        </resource>
        <resource identifier="r_contents.lecture-videos.lecture-17-video.bFZ-0FH5hfs.pdf"
                  type="other"
                  href="contents/lecture-videos/lecture-17-video/bFZ-0FH5hfs.pdf">
            <metadata>
                <adlcp:location>contents/lecture-videos/lecture-17-video/bFZ-0FH5hfs.pdf.xml</adlcp:location>
            </metadata>
            <file href="contents/lecture-videos/lecture-17-video/bFZ-0FH5hfs.pdf"/>
                        
        </resource>
        <resource identifier="r_contents.assignments.MIT18_650F16_PSet9.pdf"
                  type="other"
                  href="contents/assignments/MIT18_650F16_PSet9.pdf">
            <metadata>
                <adlcp:location>contents/assignments/MIT18_650F16_PSet9.pdf.xml</adlcp:location>
            </metadata>
            <file href="contents/assignments/MIT18_650F16_PSet9.pdf"/>
                        
        </resource>
        <resource identifier="r_contents.lecture-videos.lecture-19-video.index.htm"
                  type="webcontent"
                  href="contents/lecture-videos/lecture-19-video/index.htm">
            <metadata>
                <adlcp:location>contents/lecture-videos/lecture-19-video/index.htm.xml</adlcp:location>
            </metadata>
            <file href="contents/lecture-videos/lecture-19-video/index.htm"/>
            <dependency identifierref="webrenderrequirements.18-650-statistics-for-applications-fall-2016"/>            
        </resource>
        <resource identifier="r_contents.lecture-videos.lecture-2-video.C_W1adH-NVE.pdf"
                  type="other"
                  href="contents/lecture-videos/lecture-2-video/C_W1adH-NVE.pdf">
            <metadata>
                <adlcp:location>contents/lecture-videos/lecture-2-video/C_W1adH-NVE.pdf.xml</adlcp:location>
            </metadata>
            <file href="contents/lecture-videos/lecture-2-video/C_W1adH-NVE.pdf"/>
                        
        </resource>
        <resource identifier="r_contents.assignments.MIT18_650F16_PSet6.pdf"
                  type="other"
                  href="contents/assignments/MIT18_650F16_PSet6.pdf">
            <metadata>
                <adlcp:location>contents/assignments/MIT18_650F16_PSet6.pdf.xml</adlcp:location>
            </metadata>
            <file href="contents/assignments/MIT18_650F16_PSet6.pdf"/>
                        
        </resource>
        <resource identifier="r_contents.lecture-videos.lecture-22-video.mc1y8m9-hOM.srt"
                  type="other"
                  href="contents/lecture-videos/lecture-22-video/mc1y8m9-hOM.srt">
            <metadata>
                <adlcp:location>contents/lecture-videos/lecture-22-video/mc1y8m9-hOM.srt.xml</adlcp:location>
            </metadata>
            <file href="contents/lecture-videos/lecture-22-video/mc1y8m9-hOM.srt"/>
                        
        </resource>
        <resource identifier="r_contents.lecture-videos.lecture-20-video.a1ZCeFpeW0o.pdf"
                  type="other"
                  href="contents/lecture-videos/lecture-20-video/a1ZCeFpeW0o.pdf">
            <metadata>
                <adlcp:location>contents/lecture-videos/lecture-20-video/a1ZCeFpeW0o.pdf.xml</adlcp:location>
            </metadata>
            <file href="contents/lecture-videos/lecture-20-video/a1ZCeFpeW0o.pdf"/>
                        
        </resource>
        <resource identifier="r_contents.lecture-videos.lecture-4-video.rLlZpnT02ZU.srt"
                  type="other"
                  href="contents/lecture-videos/lecture-4-video/rLlZpnT02ZU.srt">
            <metadata>
                <adlcp:location>contents/lecture-videos/lecture-4-video/rLlZpnT02ZU.srt.xml</adlcp:location>
            </metadata>
            <file href="contents/lecture-videos/lecture-4-video/rLlZpnT02ZU.srt"/>
                        
        </resource>
        <resource identifier="r_contents.lecture-videos.lecture-14-video.JBIz7UadY5M.pdf"
                  type="other"
                  href="contents/lecture-videos/lecture-14-video/JBIz7UadY5M.pdf">
            <metadata>
                <adlcp:location>contents/lecture-videos/lecture-14-video/JBIz7UadY5M.pdf.xml</adlcp:location>
            </metadata>
            <file href="contents/lecture-videos/lecture-14-video/JBIz7UadY5M.pdf"/>
                        
        </resource>
        <resource identifier="r_contents.lecture-videos.lecture-11-video.a66tfLdr6oY.srt"
                  type="other"
                  href="contents/lecture-videos/lecture-11-video/a66tfLdr6oY.srt">
            <metadata>
                <adlcp:location>contents/lecture-videos/lecture-11-video/a66tfLdr6oY.srt.xml</adlcp:location>
            </metadata>
            <file href="contents/lecture-videos/lecture-11-video/a66tfLdr6oY.srt"/>
                        
        </resource>
        <resource identifier="r_contents.lecture-videos.lecture-13-video.yP1S37BiEsQ.srt"
                  type="other"
                  href="contents/lecture-videos/lecture-13-video/yP1S37BiEsQ.srt">
            <metadata>
                <adlcp:location>contents/lecture-videos/lecture-13-video/yP1S37BiEsQ.srt.xml</adlcp:location>
            </metadata>
            <file href="contents/lecture-videos/lecture-13-video/yP1S37BiEsQ.srt"/>
                        
        </resource>
        <resource identifier="r_contents.lecture-videos.lecture-5-video.index.htm"
                  type="webcontent"
                  href="contents/lecture-videos/lecture-5-video/index.htm">
            <metadata>
                <adlcp:location>contents/lecture-videos/lecture-5-video/index.htm.xml</adlcp:location>
            </metadata>
            <file href="contents/lecture-videos/lecture-5-video/index.htm"/>
            <dependency identifierref="webrenderrequirements.18-650-statistics-for-applications-fall-2016"/>            
        </resource>
        <resource identifier="r_contents.18-650f16-th.jpg"
                  type="other"
                  href="contents/18-650f16-th.jpg">
            <metadata>
                <adlcp:location>contents/18-650f16-th.jpg.xml</adlcp:location>
            </metadata>
            <file href="contents/18-650f16-th.jpg"/>
                        
        </resource>
        <resource identifier="r_contents.lecture-videos.lecture-1-introduction-to-statistics.VPZD_aij8H0.pdf"
                  type="other"
                  href="contents/lecture-videos/lecture-1-introduction-to-statistics/VPZD_aij8H0.pdf">
            <metadata>
                <adlcp:location>contents/lecture-videos/lecture-1-introduction-to-statistics/VPZD_aij8H0.pdf.xml</adlcp:location>
            </metadata>
            <file href="contents/lecture-videos/lecture-1-introduction-to-statistics/VPZD_aij8H0.pdf"/>
                        
        </resource>
        <resource identifier="r_contents.lecture-videos.lecture-1-introduction-to-statistics.VPZD_aij8H0.srt"
                  type="other"
                  href="contents/lecture-videos/lecture-1-introduction-to-statistics/VPZD_aij8H0.srt">
            <metadata>
                <adlcp:location>contents/lecture-videos/lecture-1-introduction-to-statistics/VPZD_aij8H0.srt.xml</adlcp:location>
            </metadata>
            <file href="contents/lecture-videos/lecture-1-introduction-to-statistics/VPZD_aij8H0.srt"/>
                        
        </resource>
        <resource identifier="r_contents.assignments.MIT18_650F16_PSet10.pdf"
                  type="other"
                  href="contents/assignments/MIT18_650F16_PSet10.pdf">
            <metadata>
                <adlcp:location>contents/assignments/MIT18_650F16_PSet10.pdf.xml</adlcp:location>
            </metadata>
            <file href="contents/assignments/MIT18_650F16_PSet10.pdf"/>
                        
        </resource>
        <resource identifier="r_contents.lecture-videos.lecture-23-video.index.htm"
                  type="webcontent"
                  href="contents/lecture-videos/lecture-23-video/index.htm">
            <metadata>
                <adlcp:location>contents/lecture-videos/lecture-23-video/index.htm.xml</adlcp:location>
            </metadata>
            <file href="contents/lecture-videos/lecture-23-video/index.htm"/>
            <dependency identifierref="webrenderrequirements.18-650-statistics-for-applications-fall-2016"/>            
        </resource>
        <resource identifier="r_contents.lecture-videos.lecture-11-video.a66tfLdr6oY.pdf"
                  type="other"
                  href="contents/lecture-videos/lecture-11-video/a66tfLdr6oY.pdf">
            <metadata>
                <adlcp:location>contents/lecture-videos/lecture-11-video/a66tfLdr6oY.pdf.xml</adlcp:location>
            </metadata>
            <file href="contents/lecture-videos/lecture-11-video/a66tfLdr6oY.pdf"/>
                        
        </resource>
        <resource identifier="r_contents.lecture-videos.lecture-21-video.index.htm"
                  type="webcontent"
                  href="contents/lecture-videos/lecture-21-video/index.htm">
            <metadata>
                <adlcp:location>contents/lecture-videos/lecture-21-video/index.htm.xml</adlcp:location>
            </metadata>
            <file href="contents/lecture-videos/lecture-21-video/index.htm"/>
            <dependency identifierref="webrenderrequirements.18-650-statistics-for-applications-fall-2016"/>            
        </resource>
        <resource identifier="r_contents.lecture-videos.lecture-8-video.index.htm"
                  type="webcontent"
                  href="contents/lecture-videos/lecture-8-video/index.htm">
            <metadata>
                <adlcp:location>contents/lecture-videos/lecture-8-video/index.htm.xml</adlcp:location>
            </metadata>
            <file href="contents/lecture-videos/lecture-8-video/index.htm"/>
            <dependency identifierref="webrenderrequirements.18-650-statistics-for-applications-fall-2016"/>            
        </resource>
        <resource identifier="r_contents.lecture-videos.lecture-24-video.index.htm"
                  type="webcontent"
                  href="contents/lecture-videos/lecture-24-video/index.htm">
            <metadata>
                <adlcp:location>contents/lecture-videos/lecture-24-video/index.htm.xml</adlcp:location>
            </metadata>
            <file href="contents/lecture-videos/lecture-24-video/index.htm"/>
            <dependency identifierref="webrenderrequirements.18-650-statistics-for-applications-fall-2016"/>            
        </resource>
        <resource identifier="r_contents.lecture-videos.lecture-23-video.OYcdw5vOgIc.pdf"
                  type="other"
                  href="contents/lecture-videos/lecture-23-video/OYcdw5vOgIc.pdf">
            <metadata>
                <adlcp:location>contents/lecture-videos/lecture-23-video/OYcdw5vOgIc.pdf.xml</adlcp:location>
            </metadata>
            <file href="contents/lecture-videos/lecture-23-video/OYcdw5vOgIc.pdf"/>
                        
        </resource>
        <resource identifier="r_contents.lecture-videos.lecture-12-video.vMaKx9fmJHE.pdf"
                  type="other"
                  href="contents/lecture-videos/lecture-12-video/vMaKx9fmJHE.pdf">
            <metadata>
                <adlcp:location>contents/lecture-videos/lecture-12-video/vMaKx9fmJHE.pdf.xml</adlcp:location>
            </metadata>
            <file href="contents/lecture-videos/lecture-12-video/vMaKx9fmJHE.pdf"/>
                        
        </resource>
        <resource identifier="r_contents.lecture-videos.lecture-15-video.V4xOdtqic3o.srt"
                  type="other"
                  href="contents/lecture-videos/lecture-15-video/V4xOdtqic3o.srt">
            <metadata>
                <adlcp:location>contents/lecture-videos/lecture-15-video/V4xOdtqic3o.srt.xml</adlcp:location>
            </metadata>
            <file href="contents/lecture-videos/lecture-15-video/V4xOdtqic3o.srt"/>
                        
        </resource>
        <resource identifier="r_contents.lecture-videos.lecture-21-video.X-ix97pw0xY.pdf"
                  type="other"
                  href="contents/lecture-videos/lecture-21-video/X-ix97pw0xY.pdf">
            <metadata>
                <adlcp:location>contents/lecture-videos/lecture-21-video/X-ix97pw0xY.pdf.xml</adlcp:location>
            </metadata>
            <file href="contents/lecture-videos/lecture-21-video/X-ix97pw0xY.pdf"/>
                        
        </resource>
        <resource identifier="r_contents.lecture-videos.lecture-22-video.mc1y8m9-hOM.pdf"
                  type="other"
                  href="contents/lecture-videos/lecture-22-video/mc1y8m9-hOM.pdf">
            <metadata>
                <adlcp:location>contents/lecture-videos/lecture-22-video/mc1y8m9-hOM.pdf.xml</adlcp:location>
            </metadata>
            <file href="contents/lecture-videos/lecture-22-video/mc1y8m9-hOM.pdf"/>
                        
        </resource>
        <resource identifier="r_contents.lecture-videos.lecture-17-video.bFZ-0FH5hfs.srt"
                  type="other"
                  href="contents/lecture-videos/lecture-17-video/bFZ-0FH5hfs.srt">
            <metadata>
                <adlcp:location>contents/lecture-videos/lecture-17-video/bFZ-0FH5hfs.srt.xml</adlcp:location>
            </metadata>
            <file href="contents/lecture-videos/lecture-17-video/bFZ-0FH5hfs.srt"/>
                        
        </resource>
        <resource identifier="r_contents.lecture-videos.lecture-4-video.rLlZpnT02ZU.pdf"
                  type="other"
                  href="contents/lecture-videos/lecture-4-video/rLlZpnT02ZU.pdf">
            <metadata>
                <adlcp:location>contents/lecture-videos/lecture-4-video/rLlZpnT02ZU.pdf.xml</adlcp:location>
            </metadata>
            <file href="contents/lecture-videos/lecture-4-video/rLlZpnT02ZU.pdf"/>
                        
        </resource>
        <resource identifier="r_contents.lecture-slides.MIT18_650F16_Testing_GF.pdf"
                  type="other"
                  href="contents/lecture-slides/MIT18_650F16_Testing_GF.pdf">
            <metadata>
                <adlcp:location>contents/lecture-slides/MIT18_650F16_Testing_GF.pdf.xml</adlcp:location>
            </metadata>
            <file href="contents/lecture-slides/MIT18_650F16_Testing_GF.pdf"/>
                        
        </resource>
        <resource identifier="r_contents.lecture-videos.lecture-9-video.index.htm"
                  type="webcontent"
                  href="contents/lecture-videos/lecture-9-video/index.htm">
            <metadata>
                <adlcp:location>contents/lecture-videos/lecture-9-video/index.htm.xml</adlcp:location>
            </metadata>
            <file href="contents/lecture-videos/lecture-9-video/index.htm"/>
            <dependency identifierref="webrenderrequirements.18-650-statistics-for-applications-fall-2016"/>            
        </resource>
        <resource identifier="r_contents.lecture-videos.lecture-3-video.TSkDZbGS94k.pdf"
                  type="other"
                  href="contents/lecture-videos/lecture-3-video/TSkDZbGS94k.pdf">
            <metadata>
                <adlcp:location>contents/lecture-videos/lecture-3-video/TSkDZbGS94k.pdf.xml</adlcp:location>
            </metadata>
            <file href="contents/lecture-videos/lecture-3-video/TSkDZbGS94k.pdf"/>
                        
        </resource>
        <resource identifier="r_contents.lecture-videos.lecture-3-video.index.htm"
                  type="webcontent"
                  href="contents/lecture-videos/lecture-3-video/index.htm">
            <metadata>
                <adlcp:location>contents/lecture-videos/lecture-3-video/index.htm.xml</adlcp:location>
            </metadata>
            <file href="contents/lecture-videos/lecture-3-video/index.htm"/>
            <dependency identifierref="webrenderrequirements.18-650-statistics-for-applications-fall-2016"/>            
        </resource>
        <resource identifier="r_contents.lecture-videos.lecture-24-video.lWW54ts9Ubo.srt"
                  type="other"
                  href="contents/lecture-videos/lecture-24-video/lWW54ts9Ubo.srt">
            <metadata>
                <adlcp:location>contents/lecture-videos/lecture-24-video/lWW54ts9Ubo.srt.xml</adlcp:location>
            </metadata>
            <file href="contents/lecture-videos/lecture-24-video/lWW54ts9Ubo.srt"/>
                        
        </resource>
        <resource identifier="r_contents.lecture-videos.lecture-13-video.index.htm"
                  type="webcontent"
                  href="contents/lecture-videos/lecture-13-video/index.htm">
            <metadata>
                <adlcp:location>contents/lecture-videos/lecture-13-video/index.htm.xml</adlcp:location>
            </metadata>
            <file href="contents/lecture-videos/lecture-13-video/index.htm"/>
            <dependency identifierref="webrenderrequirements.18-650-statistics-for-applications-fall-2016"/>            
        </resource>        
        <resource identifier="r_common.search.AdvancedSearch.htm"
                  type="webcontent"
                  href="common/search/AdvancedSearch.htm">
            <file href="common/search/AdvancedSearch.htm"/>
            <dependency identifierref="webrenderrequirements.18-650-statistics-for-applications-fall-2016"/>            
        </resource>
        <resource identifier="r_common.jsp.feedback.htm"
                  type="webcontent"
                  href="common/jsp/feedback.htm">
            <file href="common/jsp/feedback.htm"/>
            <dependency identifierref="webrenderrequirements.18-650-statistics-for-applications-fall-2016"/>            
        </resource>
        <resource identifier="r_common.terms.index.htm"
                  type="webcontent"
                  href="common/terms/index.htm">
            <file href="common/terms/by.png"/>
            <file href="common/terms/nc.png"/>
            <file href="common/terms/sa.png"/>
            <file href="common/terms/deedheadyellow.png"/>
            <file href="common/terms/freedomsheader.png"/>
            <file href="common/terms/limitationsheader.png"/>
            <file href="common/terms/understandingheader.jpg"/>
            <file href="common/terms/deedfootyellow.png"/>
            <dependency identifierref="webrenderrequirements.18-650-statistics-for-applications-fall-2016"/>            
        </resource>
        <resource identifier="r_common.terms.trademarks.index.htm"
                  type="webcontent"
                  href="common/terms/trademarks/index.htm">
            <file href="common/terms/trademarks/index.htm"/>
            <dependency identifierref="webrenderrequirements.18-650-statistics-for-applications-fall-2016"/>            
        </resource>
        <resource identifier="webrenderrequirements.18-650-statistics-for-applications-fall-2016"
                  type="webcontent">
        	<file href="common/styles/base.css"/>
        	<file href="common/styles/courses.css"/>
        	<file href="common/styles/courses_new.css"/>
        	<file href="common/styles/educator.css"/>
        	<file href="common/styles/global.css"/>
        	<file href="common/styles/grid.css"/>
        	<file href="common/styles/highslide.css"/>
        	<file href="common/styles/highslide-ie6.css"/>
        	<file href="common/styles/jquery.bubblepopup.css"/>
        	<file href="common/styles/jquery.jscrollpane.css"/>
        	<file href="common/styles/jquery-ui.css"/>
        	<file href="common/styles/menu.css"/>
        	<file href="common/styles/scholar2.css"/>
        	<file href="common/styles/media_tabs.css"/>
        	<file href="common/styles/three_play.css"/>
        	<file href="common/scripts/bubble-popup-offline.js"/>
        	<file href="common/scripts/jquery.js"/>
        	<file href="common/scripts/ocw-media-utils.js"/>
        	<file href="common/scripts/ocw-media-utils-offline.js"/>
        	<file href="common/scripts/highslide-with-gallery.js"/>
        	<file href="common/scripts/jquery.bubblepopup.min.js"/>
        	<file href="common/scripts/jquery.jscrollpane.min.js"/>
        	<file href="common/scripts/jquery-ui.min.js"/>
        	<file href="common/scripts/jQuizMe-uncompressed.js"/>
        	<file href="common/scripts/ocw-offline.js"/>
        	<file href="common/scripts/expandy.js"/>
        	<file href="common/scripts/chart.js"/>
        	<file href="common/scripts/jquery.anythingslider.js"/>
        	<file href="common/images/ocw_mast.png"/>
        	<file href="common/images/button_subscribe.png"/>
        	<file href="common/images/icon_fb.png"/>
        	<file href="common/images/icon_gp.png"/>
        	<file href="common/images/icon_pin.png"/>
        	<file href="common/images/icon_tw.png"/>
        	<file href="common/images/icon-question-ovt.png"/>
        	<file href="common/images/icon-question-svt.png"/>
        	<file href="common/images/icon-question-avt.png"/>
        	<file href="common/images/icon-question-cl.png"/>
        	<file href="common/images/top-nav_home.png"/>
        	<file href="common/images/button_search.png"/>
        	<file href="common/images/bg_top.png"/>
        	<file href="common/images/bg_social.png"/>
        	<file href="common/images/bg_social2.png"/>
        	<file href="common/images/bg_mega-courses.png"/>
        	<file href="common/images/bg_center2.png"/>
        	<file href="common/images/bg_course-nav_current.png"/>
        	<file href="common/images/button_donate-now.png"/>
        	<file href="common/images/logo_mit.png"/>
        	<file href="common/images/logo_ocwc.gif"/>
        	<file href="common/images/cc_by-nc-sa.png"/>
        	<file href="common/images/logo_dow.png"/>
        	<file href="common/images/logo_lockheed.png"/>
        	<file href="common/images/logo_mathworks.png"/>
        	<file href="common/images/logo_abinitio.png"/>
        	<file href="common/images/logo_sapient.png"/>
        	<file href="common/images/bg_bottom.png"/>
        	<file href="common/images/nav_arrow.png"/>
        	<file href="common/images/news-subscibe_bg.png"/>
        	<file href="common/images/3play_logo.png"/>
        	<file href="common/images/black-arrow.gif"/>
        	<file href="common/images/trans.gif"/>
        	<file href="common/images/arrow-bullet.gif"/>
        	<file href="common/images/apple-touch-icon.png"/>
        	<file href="common/images/highslide/graphics/zoomin.cur"/>
        	<file href="common/images/highslide/graphics/zoomout.cur"/>
        	<file href="common/images/highslide/graphics/controlbar2.gif"/>
        	<file href="common/images/highslide/graphics/controlbar3.gif"/>
        	<file href="common/images/highslide/graphics/controlbar4.gif"/>
        	<file href="common/images/highslide/graphics/controlbar4-hover.gif"/>
        	<file href="common/images/highslide/graphics/controlbar-black-border.gif"/>
        	<file href="common/images/highslide/graphics/controlbar-white.gif"/>
        	<file href="common/images/highslide/graphics/controlbar-white-small.gif"/>
        	<file href="common/images/highslide/graphics/fullexpand.gif"/>
        	<file href="common/images/highslide/graphics/icon.gif"/>
        	<file href="common/images/highslide/graphics/loader.gif"/>
        	<file href="common/images/highslide/graphics/loader.white.gif"/>
        	<file href="common/images/highslide/graphics/resize.gif"/>
        	<file href="common/images/highslide/graphics/close.png"/>
        	<file href="common/images/highslide/graphics/closeX.png"/>
        	<file href="common/images/highslide/graphics/controlbar-text-buttons.png"/>
        	<file href="common/images/highslide/graphics/geckodimmer.png"/>
        	<file href="common/images/highslide/graphics/scrollarrows.png"/>
        	<file href="common/images/highslide/graphics/outlines/beveled.png"/>
        	<file href="common/images/highslide/graphics/outlines/drop-shadow.png"/>
        	<file href="common/images/highslide/graphics/outlines/glossy-dark.png"/>
        	<file href="common/images/highslide/graphics/outlines/outer-glow.png"/>
        	<file href="common/images/highslide/graphics/outlines/rounded-black.png"/>
        	<file href="common/images/highslide/graphics/outlines/rounded-white.png"/>
        	<file href="common/images/highslide/graphics/outlines/Outlines.psd"/>
        	<file href="common/images/button_continue.jpg"/>
        	<file href="common/images/button_donate.jpg"/>
        	<file href="common/images/button_start.jpg"/>
        	<file href="common/images/scholar_bar_chp.png"/>
        	<file href="common/images/scholar_bar.png"/>
        	<file href="common/images/logo_pdf.jpg"/>
        	<file href="common/images/h2_trigger_open_close.gif"/>
        	<file href="common/images/bookmark.gif"/>
        	<file href="common/images/check.png"/>
        	<file href="common/images/lightbulb.png"/>
        	<file href="common/images/audio_file.gif"/>
        	<file href="common/images/audio_only_slate.gif"/>
        	<file href="common/images/video_file.gif"/>
        	<file href="common/images/back-5.png"/>
        	<file href="common/images/btn_next_resource.png"/>
        	<file href="common/images/btn_previous_resource.png"/>
        	<file href="common/images/close.png"/>
        	<file href="common/images/inacessible.gif"/>
        	<file href="common/images/jquerybubblepopup-theme/grey/ie/bottom-left.gif"/>
        	<file href="common/images/jquerybubblepopup-theme/grey/ie/bottom-middle.gif"/>
        	<file href="common/images/jquerybubblepopup-theme/grey/ie/bottom-right.gif"/>
        	<file href="common/images/jquerybubblepopup-theme/grey/ie/middle-left.gif"/>
        	<file href="common/images/jquerybubblepopup-theme/grey/ie/middle-right.gif"/>
        	<file href="common/images/jquerybubblepopup-theme/grey/ie/tail-bottom.gif"/>
        	<file href="common/images/jquerybubblepopup-theme/grey/ie/tail-left.gif"/>
        	<file href="common/images/jquerybubblepopup-theme/grey/ie/tail-right.gif"/>
        	<file href="common/images/jquerybubblepopup-theme/grey/ie/tail-top.gif"/>
        	<file href="common/images/jquerybubblepopup-theme/grey/ie/top-left.gif"/>
        	<file href="common/images/jquerybubblepopup-theme/grey/ie/top-middle.gif"/>
        	<file href="common/images/jquerybubblepopup-theme/grey/ie/top-right.gif"/>
        	<file href="common/images/jquerybubblepopup-theme/grey/bottom-left.png"/>
        	<file href="common/images/jquerybubblepopup-theme/grey/bottom-middle.png"/>
        	<file href="common/images/jquerybubblepopup-theme/grey/bottom-right.png"/>
        	<file href="common/images/jquerybubblepopup-theme/grey/middle-left.png"/>
        	<file href="common/images/jquerybubblepopup-theme/grey/middle-right.png"/>
        	<file href="common/images/jquerybubblepopup-theme/grey/tail-bottom.png"/>
        	<file href="common/images/jquerybubblepopup-theme/grey/tail-left.png"/>
        	<file href="common/images/jquerybubblepopup-theme/grey/tail-right.png"/>
        	<file href="common/images/jquerybubblepopup-theme/grey/tail-top.png"/>
        	<file href="common/images/jquerybubblepopup-theme/grey/top-left.png"/>
        	<file href="common/images/jquerybubblepopup-theme/grey/top-middle.png"/>
        	<file href="common/images/jquerybubblepopup-theme/grey/top-right.png"/>
        	<file href="common/images/educator/classroom_next.png"/>
        	<file href="common/images/educator/classroom_next_dim.png"/>
        	<file href="common/images/educator/classroom_prev.png"/>
        	<file href="common/images/educator/classroom_prev_dim.png"/>
        	<file href="common/images/educator/edu_b-blank.png"/>
        	<file href="common/images/educator/edu_b-blank-key.png"/>
        	<file href="common/images/educator/edu_b-duedate.png"/>
        	<file href="common/images/educator/edu_b-duedate-key.png"/>
        	<file href="common/images/educator/edu_b-exam.png"/>
        	<file href="common/images/educator/edu_b-exam-key.png"/>
        	<file href="common/images/educator/edu_b-lab.png"/>
        	<file href="common/images/educator/edu_b-lab-key.png"/>
        	<file href="common/images/educator/edu_b-lab-team.png"/>
        	<file href="common/images/educator/edu_b-lab-duedate.png"/>
        	<file href="common/images/educator/edu_b-leclab.png"/>
        	<file href="common/images/educator/edu_b-leclab-key.png"/>
        	<file href="common/images/educator/edu_b-lecture.png"/>
        	<file href="common/images/educator/edu_b-lecture-duedate.png"/>
        	<file href="common/images/educator/edu_b-lecture-exam.png"/>
        	<file href="common/images/educator/edu_b-lecture-key.png"/>
        	<file href="common/images/educator/edu_b-lecture-lunch.png"/>
        	<file href="common/images/educator/edu_b-lecture-preslab.png"/>
        	<file href="common/images/educator/edu_b-lecture-quiz.png"/>
        	<file href="common/images/educator/edu_b-lecture-team.png"/>
        	<file href="common/images/educator/edu_b-lecrec-key.png"/>
        	<file href="common/images/educator/edu_b-leclab-duedate.png"/>
        	<file href="common/images/educator/edu_b-lecrec.png"/>
        	<file href="common/images/educator/edu_b-lecrec-duedate.png"/>
        	<file href="common/images/educator/edu_b-noclass-quiz.png"/>
        	<file href="common/images/educator/edu_b-lunch.png"/>
        	<file href="common/images/educator/edu_b-lunch-key.png"/>
        	<file href="common/images/educator/edu_b-noclass.png"/>
        	<file href="common/images/educator/edu_b-noclass-duedate.png"/>
        	<file href="common/images/educator/edu_b-noclass-exam.png"/>
        	<file href="common/images/educator/edu_b-noclass-key.png"/>
        	<file href="common/images/educator/edu_b-office.png"/>
        	<file href="common/images/educator/edu_b-office-key.png"/>
        	<file href="common/images/educator/edu_b-present.png"/>
        	<file href="common/images/educator/edu_b-present-duedate.png"/>
        	<file href="common/images/educator/edu_b-present-key.png"/>
        	<file href="common/images/educator/edu_b-preslab.png"/>
        	<file href="common/images/educator/edu_b-preslab-key.png"/>
        	<file href="common/images/educator/edu_b-quiz-key.png"/>
        	<file href="common/images/educator/edu_b-reclab-key.png"/>
        	<file href="common/images/educator/edu_b-reclab-concert.png"/>
        	<file href="common/images/educator/edu_b-reclab.png"/>
        	<file href="common/images/educator/edu_b-noclass-concert.png"/>
        	<file href="common/images/educator/edu_b-leclab-concert.png"/>
        	<file href="common/images/educator/edu_b-concert-key.png"/>
        	<file href="common/images/educator/edu_b-concert.png"/>
        	<file href="common/images/educator/edu_b-recitation.png"/>
        	<file href="common/images/educator/edu_b-recitation-duedate.png"/>
        	<file href="common/images/educator/edu_b-recitation-exam.png"/>
        	<file href="common/images/educator/edu_b-recitation-key.png"/>
        	<file href="common/images/educator/edu_b-team.png"/>
        	<file href="common/images/educator/edu_b-team-key.png"/>
        	<file href="common/images/educator/edu_b-team-preslab.png"/>
        	<file href="common/images/educator/edu_b-work.png"/>
        	<file href="common/images/educator/edu_b-work-key.png"/>
        	<file href="common/images/educator/icon-question-cih.png"/>
        	<file href="common/images/educator/icon-question-cihw.png"/>
        	<file href="common/images/educator/icon-question-cim.png"/>
        	<file href="common/images/educator/icon-question-collab.png"/>
        	<file href="common/images/educator/icon-question-coop.png"/>
        	<file href="common/images/educator/icon-question-fas.png"/>
        	<file href="common/images/educator/icon-question-gir.png"/>
        	<file href="common/images/educator/icon-question-hass.png"/>
        	<file href="common/images/educator/icon-question-hass-s.png"/>
        	<file href="common/images/educator/icon-question-iap.png"/>
        	<file href="common/images/educator/icon-question-lab.png"/>
        	<file href="common/images/educator/icon-question-urop.png"/>
        	<file href="common/images/educator/icon-question-active.png"/>
        	<file href="common/images/educator/icon-question-clickq.png"/>
        	<file href="common/images/educator/icon-question-conq.png"/>
        	<file href="common/images/educator/icon-question-flip.png"/>
        	<file href="common/images/educator/icon-question-form.png"/>
        	<file href="common/images/educator/icon-question-immed.png"/>
        	<file href="common/images/educator/icon-question-learn.png"/>
        	<file href="common/images/educator/icon-question-ped.png"/>
        	<file href="common/images/educator/icon-question-readq.png"/>
        	<file href="common/images/educator/icon-question-service.png"/>
        	<file href="common/images/educator/icon-question-sum.png"/>
        	<file href="common/images/educator/icon-question-unrestricted-elective-credits.png"/>
        	<file href="common/webfonts/TitilliumText22L002-webfont.woff"/>
        	<file href="common/webfonts/TitilliumText22L002-webfont.ttf"/>
        	<file href="common/webfonts/TitilliumText22L002-webfont.svg"/>
        	<file href="common/webfonts/TitilliumText22L002-webfont.eot"/>
        	<file href="common/webfonts/TitilliumText22L003-webfont.woff"/>
        	<file href="common/webfonts/TitilliumText22L003-webfont.ttf"/>
        	<file href="common/webfonts/TitilliumText22L003-webfont.eot"/>
        	<file href="common/webfonts/TitilliumText22L003-webfont.svg"/>
        	<file href="common/webfonts/TitilliumText22L005-webfont.woff"/>
        	<file href="common/webfonts/TitilliumText22L005-webfont.ttf"/>
        	<file href="common/webfonts/TitilliumText22L005-webfont.svg"/>
        	<file href="common/webfonts/TitilliumText22L005-webfont.eot"/>
        </resource>        
  </resources>
</manifest>
